1765402439774,('127.0.0.1', 56741),1,262,79
1765402439825,('127.0.0.1', 56741),1,263,79
1765402439877,('127.0.0.1', 56741),1,264,79
1765402439928,('127.0.0.1', 56741),1,265,79
1765402439979,('127.0.0.1', 56741),1,266,79
1765402440031,('127.0.0.1', 56741),1,267,79
1765402440084,('127.0.0.1', 56741),1,268,79
1765402440134,('127.0.0.1', 56741),1,269,79
1765402440185,('127.0.0.1', 56741),1,270,79
1765402440237,('127.0.0.1', 56741),1,271,79
1765402440288,('127.0.0.1', 56741),1,272,79
1765402440341,('127.0.0.1', 56741),1,273,79
1765402440393,('127.0.0.1', 56741),1,274,79
1765402440445,('127.0.0.1', 56741),1,275,79
1765402440497,('127.0.0.1', 56741),1,276,79
1765402440548,('127.0.0.1', 56741),1,277,79
1765402440599,('127.0.0.1', 56741),1,278,79
1765402440651,('127.0.0.1', 56741),1,279,79
1765402440702,('127.0.0.1', 56741),1,280,79
1765402440752,('127.0.0.1', 56741),1,281,79
1765402440804,('127.0.0.1', 56741),1,282,79
1765402440855,('127.0.0.1', 56741),1,283,79
1765402440906,('127.0.0.1', 56741),1,284,79
1765402440957,('127.0.0.1', 56741),1,285,79
1765402441009,('127.0.0.1', 56741),1,286,79
1765402441060,('127.0.0.1', 56741),1,287,79
1765402441111,('127.0.0.1', 56741),1,288,79
1765402441163,('127.0.0.1', 56741),1,289,79
1765402441213,('127.0.0.1', 56741),1,290,79
1765402441264,('127.0.0.1', 56741),1,291,79
1765402441315,('127.0.0.1', 56741),1,292,79
1765402441367,('127.0.0.1', 56741),1,293,79
1765402441417,('127.0.0.1', 56741),1,294,79
1765402441469,('127.0.0.1', 56741),1,295,79
1765402441520,('127.0.0.1', 56741),1,296,79
1765402441572,('127.0.0.1', 56741),1,297,79
1765402441624,('127.0.0.1', 56741),1,298,79
1765402441675,('127.0.0.1', 56741),1,299,79
1765402441726,('127.0.0.1', 56741),1,300,79
1765402441777,('127.0.0.1', 56741),1,301,79
1765402441828,('127.0.0.1', 56741),1,302,79
1765402441880,('127.0.0.1', 56741),1,303,79
1765402441931,('127.0.0.1', 56741),1,304,79
1765402441981,('127.0.0.1', 56741),1,305,79
1765402442033,('127.0.0.1', 56741),1,306,79
1765402442084,('127.0.0.1', 56741),1,307,79
1765402442135,('127.0.0.1', 56741),1,308,79
1765402442186,('127.0.0.1', 56741),1,309,79
1765402442238,('127.0.0.1', 56741),1,310,79
1765402442290,('127.0.0.1', 56741),1,311,79
1765402442341,('127.0.0.1', 56741),1,312,79
1765402442392,('127.0.0.1', 56741),1,313,79
1765402442444,('127.0.0.1', 56741),1,314,79
1765402442496,('127.0.0.1', 56741),1,315,79
1765402442547,('127.0.0.1', 56741),1,316,79
1765402442601,('127.0.0.1', 56741),1,317,79
1765402442653,('127.0.0.1', 56741),1,318,79
1765402442704,('127.0.0.1', 56741),1,319,79
1765402442755,('127.0.0.1', 56741),1,320,79
1765402442807,('127.0.0.1', 56741),1,321,79
1765402442858,('127.0.0.1', 56741),1,322,79
1765402442909,('127.0.0.1', 56741),1,323,79
1765402442960,('127.0.0.1', 56741),1,324,79
1765402443012,('127.0.0.1', 56741),1,325,79
1765402443063,('127.0.0.1', 56741),1,326,79
1765402443116,('127.0.0.1', 56741),1,327,79
1765402443167,('127.0.0.1', 56741),1,328,79
1765402443218,('127.0.0.1', 56741),1,329,79
1765402443270,('127.0.0.1', 56741),1,330,79
1765402443321,('127.0.0.1', 56741),1,331,79
1765402443373,('127.0.0.1', 56741),1,332,79
1765402443427,('127.0.0.1', 56741),1,333,79
1765402443478,('127.0.0.1', 56741),1,334,79
1765402443532,('127.0.0.1', 56741),1,335,79
1765402443582,('127.0.0.1', 56741),1,336,79
1765402443633,('127.0.0.1', 56741),1,337,79
1765402443684,('127.0.0.1', 56741),1,338,79
1765402443685,('127.0.0.1', 61438),2,338,79
1765402443736,('127.0.0.1', 56741),1,339,79
1765402443737,('127.0.0.1', 61438),2,339,79
1765402443789,('127.0.0.1', 56741),1,340,79
1765402443789,('127.0.0.1', 61438),2,340,79
1765402443842,('127.0.0.1', 56741),1,341,79
1765402443844,('127.0.0.1', 61438),2,341,79
1765402443895,('127.0.0.1', 56741),1,342,79
1765402443898,('127.0.0.1', 61438),2,342,79
1765402443949,('127.0.0.1', 56741),1,343,79
1765402443950,('127.0.0.1', 61438),2,343,79
1765402444003,('127.0.0.1', 56741),1,344,79
1765402444004,('127.0.0.1', 61438),2,344,79
1765402444056,('127.0.0.1', 56741),1,345,79
1765402444058,('127.0.0.1', 61438),2,345,79
1765402444109,('127.0.0.1', 56741),1,346,79
1765402444110,('127.0.0.1', 61438),2,346,79
1765402444165,('127.0.0.1', 56741),1,347,79
1765402444167,('127.0.0.1', 61438),2,347,79
1765402444219,('127.0.0.1', 56741),1,348,79
1765402444220,('127.0.0.1', 61438),2,348,79
1765402444272,('127.0.0.1', 56741),1,349,79
1765402444274,('127.0.0.1', 61438),2,349,79
1765402444326,('127.0.0.1', 56741),1,350,79
1765402444327,('127.0.0.1', 61438),2,350,79
1765402444380,('127.0.0.1', 56741),1,351,79
1765402444381,('127.0.0.1', 61438),2,351,79
1765402444433,('127.0.0.1', 56741),1,352,79
1765402444435,('127.0.0.1', 61438),2,352,79
1765402444487,('127.0.0.1', 56741),1,353,79
1765402444488,('127.0.0.1', 61438),2,353,79
1765402444539,('127.0.0.1', 56741),1,354,79
1765402444541,('127.0.0.1', 61438),2,354,79
1765402444592,('127.0.0.1', 56741),1,355,79
1765402444594,('127.0.0.1', 61438),2,355,79
1765402444646,('127.0.0.1', 56741),1,356,79
1765402444648,('127.0.0.1', 61438),2,356,79
1765402444700,('127.0.0.1', 56741),1,357,79
1765402444701,('127.0.0.1', 61438),2,357,79
1765402444753,('127.0.0.1', 56741),1,358,79
1765402444754,('127.0.0.1', 61438),2,358,79
1765402444805,('127.0.0.1', 56741),1,359,79
1765402444806,('127.0.0.1', 61438),2,359,79
1765402444859,('127.0.0.1', 56741),1,360,79
1765402444859,('127.0.0.1', 61438),2,360,79
1765402444910,('127.0.0.1', 56741),1,361,79
1765402444912,('127.0.0.1', 61438),2,361,79
1765402444963,('127.0.0.1', 56741),1,362,79
1765402444965,('127.0.0.1', 61438),2,362,79
1765402445016,('127.0.0.1', 56741),1,363,79
1765402445018,('127.0.0.1', 61438),2,363,79
1765402445069,('127.0.0.1', 56741),1,364,79
1765402445071,('127.0.0.1', 61438),2,364,79
1765402445123,('127.0.0.1', 56741),1,365,79
1765402445124,('127.0.0.1', 61438),2,365,79
1765402445175,('127.0.0.1', 56741),1,366,79
1765402445178,('127.0.0.1', 61438),2,366,79
1765402445230,('127.0.0.1', 56741),1,367,79
1765402445231,('127.0.0.1', 61438),2,367,79
1765402445283,('127.0.0.1', 56741),1,368,79
1765402445284,('127.0.0.1', 61438),2,368,79
1765402445337,('127.0.0.1', 56741),1,369,79
1765402445339,('127.0.0.1', 61438),2,369,79
1765402445392,('127.0.0.1', 56741),1,370,79
1765402445394,('127.0.0.1', 61438),2,370,79
1765402445446,('127.0.0.1', 56741),1,371,79
1765402445446,('127.0.0.1', 61438),2,371,79
1765402445499,('127.0.0.1', 56741),1,372,79
1765402445500,('127.0.0.1', 61438),2,372,79
1765402445552,('127.0.0.1', 56741),1,373,79
1765402445554,('127.0.0.1', 61438),2,373,79
1765402445606,('127.0.0.1', 56741),1,374,79
1765402445607,('127.0.0.1', 61438),2,374,79
1765402445659,('127.0.0.1', 56741),1,375,79
1765402445660,('127.0.0.1', 61438),2,375,79
1765402445713,('127.0.0.1', 56741),1,376,79
1765402445714,('127.0.0.1', 61438),2,376,79
1765402445766,('127.0.0.1', 56741),1,377,79
1765402445767,('127.0.0.1', 61438),2,377,79
1765402445818,('127.0.0.1', 56741),1,378,79
1765402445820,('127.0.0.1', 61438),2,378,79
1765402445871,('127.0.0.1', 56741),1,379,79
1765402445873,('127.0.0.1', 61438),2,379,79
1765402445926,('127.0.0.1', 56741),1,380,79
1765402445927,('127.0.0.1', 61438),2,380,79
1765402445980,('127.0.0.1', 56741),1,381,79
1765402445981,('127.0.0.1', 61438),2,381,79
1765402446033,('127.0.0.1', 56741),1,382,79
1765402446034,('127.0.0.1', 61438),2,382,79
1765402446087,('127.0.0.1', 56741),1,383,79
1765402446088,('127.0.0.1', 61438),2,383,79
1765402446138,('127.0.0.1', 56741),1,384,79
1765402446142,('127.0.0.1', 61438),2,384,79
1765402446193,('127.0.0.1', 56741),1,385,79
1765402446194,('127.0.0.1', 61438),2,385,79
1765402446245,('127.0.0.1', 56741),1,386,79
1765402446246,('127.0.0.1', 61438),2,386,79
1765402446298,('127.0.0.1', 56741),1,387,79
1765402446299,('127.0.0.1', 61438),2,387,79
1765402446351,('127.0.0.1', 56741),1,388,79
1765402446353,('127.0.0.1', 61438),2,388,79
1765402446404,('127.0.0.1', 56741),1,389,79
1765402446406,('127.0.0.1', 61438),2,389,79
1765402446457,('127.0.0.1', 56741),1,390,79
1765402446459,('127.0.0.1', 61438),2,390,79
1765402446512,('127.0.0.1', 56741),1,391,79
1765402446513,('127.0.0.1', 61438),2,391,79
1765402446563,('127.0.0.1', 56741),1,392,79
1765402446565,('127.0.0.1', 61438),2,392,79
1765402446618,('127.0.0.1', 56741),1,393,79
1765402446620,('127.0.0.1', 61438),2,393,79
1765402446671,('127.0.0.1', 56741),1,394,79
1765402446673,('127.0.0.1', 61438),2,394,79
1765402446725,('127.0.0.1', 56741),1,395,79
1765402446726,('127.0.0.1', 61438),2,395,79
1765402446777,('127.0.0.1', 56741),1,396,79
1765402446779,('127.0.0.1', 61438),2,396,79
1765402446830,('127.0.0.1', 56741),1,397,79
1765402446831,('127.0.0.1', 61438),2,397,79
1765402446883,('127.0.0.1', 56741),1,398,79
1765402446885,('127.0.0.1', 61438),2,398,79
1765402446936,('127.0.0.1', 56741),1,399,79
1765402446937,('127.0.0.1', 61438),2,399,79
1765402446988,('127.0.0.1', 56741),1,400,79
1765402446989,('127.0.0.1', 61438),2,400,79
1765402447040,('127.0.0.1', 56741),1,401,79
1765402447041,('127.0.0.1', 61438),2,401,79
1765402447092,('127.0.0.1', 56741),1,402,79
1765402447093,('127.0.0.1', 61438),2,402,79
1765402447146,('127.0.0.1', 56741),1,403,79
1765402447148,('127.0.0.1', 61438),2,403,79
1765402447200,('127.0.0.1', 56741),1,404,79
1765402447202,('127.0.0.1', 61438),2,404,79
1765402447252,('127.0.0.1', 56741),1,405,79
1765402447254,('127.0.0.1', 61438),2,405,79
1765402447305,('127.0.0.1', 56741),1,406,79
1765402447306,('127.0.0.1', 61438),2,406,79
1765402447358,('127.0.0.1', 56741),1,407,79
1765402447358,('127.0.0.1', 61438),2,407,79
1765402447409,('127.0.0.1', 56741),1,408,79
1765402447410,('127.0.0.1', 61438),2,408,79
1765402447461,('127.0.0.1', 56741),1,409,79
1765402447463,('127.0.0.1', 61438),2,409,79
1765402447514,('127.0.0.1', 56741),1,410,79
1765402447516,('127.0.0.1', 61438),2,410,79
1765402447567,('127.0.0.1', 56741),1,411,79
1765402447568,('127.0.0.1', 61438),2,411,79
1765402447619,('127.0.0.1', 56741),1,412,79
1765402447620,('127.0.0.1', 61438),2,412,79
1765402447672,('127.0.0.1', 56741),1,413,79
1765402447672,('127.0.0.1', 61438),2,413,79
1765402447723,('127.0.0.1', 56741),1,414,79
1765402447724,('127.0.0.1', 61438),2,414,79
1765402447776,('127.0.0.1', 56741),1,415,79
1765402447778,('127.0.0.1', 61438),2,415,79
1765402447830,('127.0.0.1', 56741),1,416,79
1765402447831,('127.0.0.1', 61438),2,416,79
1765402447884,('127.0.0.1', 56741),1,417,79
1765402447884,('127.0.0.1', 61438),2,417,79
1765402447936,('127.0.0.1', 56741),1,418,79
1765402447938,('127.0.0.1', 61438),2,418,79
1765402447988,('127.0.0.1', 56741),1,419,79
1765402447989,('127.0.0.1', 61438),2,419,79
1765402448042,('127.0.0.1', 56741),1,420,79
1765402448044,('127.0.0.1', 61438),2,420,79
1765402448095,('127.0.0.1', 56741),1,421,79
1765402448096,('127.0.0.1', 61438),2,421,79
1765402448148,('127.0.0.1', 56741),1,422,79
1765402448150,('127.0.0.1', 61438),2,422,79
1765402448203,('127.0.0.1', 56741),1,423,79
1765402448204,('127.0.0.1', 61438),2,423,79
1765402448257,('127.0.0.1', 56741),1,424,79
1765402448258,('127.0.0.1', 61438),2,424,79
1765402448310,('127.0.0.1', 56741),1,425,79
1765402448311,('127.0.0.1', 61438),2,425,79
1765402448362,('127.0.0.1', 56741),1,426,79
1765402448363,('127.0.0.1', 61438),2,426,79
1765402448415,('127.0.0.1', 56741),1,427,79
1765402448416,('127.0.0.1', 61438),2,427,79
1765402448468,('127.0.0.1', 56741),1,428,79
1765402448469,('127.0.0.1', 61438),2,428,79
1765402448521,('127.0.0.1', 56741),1,429,79
1765402448522,('127.0.0.1', 61438),2,429,79
1765402448575,('127.0.0.1', 56741),1,430,79
1765402448575,('127.0.0.1', 61438),2,430,79
1765402448628,('127.0.0.1', 56741),1,431,79
1765402448628,('127.0.0.1', 61438),2,431,79
1765402448682,('127.0.0.1', 56741),1,432,79
1765402448683,('127.0.0.1', 61438),2,432,79
1765402448736,('127.0.0.1', 56741),1,433,79
1765402448737,('127.0.0.1', 61438),2,433,79
1765402448789,('127.0.0.1', 56741),1,434,79
1765402448791,('127.0.0.1', 61438),2,434,79
1765402448843,('127.0.0.1', 56741),1,435,79
1765402448845,('127.0.0.1', 61438),2,435,79
1765402448895,('127.0.0.1', 56741),1,436,79
1765402448897,('127.0.0.1', 61438),2,436,79
1765402448948,('127.0.0.1', 56741),1,437,79
1765402448950,('127.0.0.1', 61438),2,437,79
1765402449003,('127.0.0.1', 56741),1,438,79
1765402449004,('127.0.0.1', 61438),2,438,79
1765402449055,('127.0.0.1', 56741),1,439,79
1765402449056,('127.0.0.1', 61438),2,439,79
1765402449108,('127.0.0.1', 56741),1,440,79
1765402449108,('127.0.0.1', 61438),2,440,79
1765402449160,('127.0.0.1', 56741),1,441,79
1765402449161,('127.0.0.1', 61438),2,441,79
1765402449211,('127.0.0.1', 56741),1,442,79
1765402449212,('127.0.0.1', 61438),2,442,79
1765402449263,('127.0.0.1', 56741),1,443,79
1765402449265,('127.0.0.1', 61438),2,443,79
1765402449315,('127.0.0.1', 56741),1,444,79
1765402449316,('127.0.0.1', 61438),2,444,79
1765402449368,('127.0.0.1', 56741),1,445,79
1765402449368,('127.0.0.1', 61438),2,445,79
1765402449421,('127.0.0.1', 56741),1,446,79
1765402449422,('127.0.0.1', 61438),2,446,79
1765402449473,('127.0.0.1', 56741),1,447,79
1765402449473,('127.0.0.1', 61438),2,447,79
1765402449525,('127.0.0.1', 56741),1,448,79
1765402449526,('127.0.0.1', 61438),2,448,79
1765402449577,('127.0.0.1', 56741),1,449,79
1765402449579,('127.0.0.1', 61438),2,449,79
1765402449631,('127.0.0.1', 56741),1,450,79
1765402449631,('127.0.0.1', 61438),2,450,79
1765402449684,('127.0.0.1', 56741),1,451,79
1765402449685,('127.0.0.1', 61438),2,451,79
1765402449736,('127.0.0.1', 56741),1,452,79
1765402449737,('127.0.0.1', 61438),2,452,79
1765402449789,('127.0.0.1', 56741),1,453,79
1765402449790,('127.0.0.1', 61438),2,453,79
1765402449870,('127.0.0.1', 56741),1,454,79
1765402449872,('127.0.0.1', 61438),2,454,79
1765402449926,('127.0.0.1', 56741),1,455,79
1765402449926,('127.0.0.1', 61438),2,455,79
1765402449979,('127.0.0.1', 56741),1,456,79
1765402449981,('127.0.0.1', 61438),2,456,79
1765402450033,('127.0.0.1', 56741),1,457,79
1765402450034,('127.0.0.1', 61438),2,457,79
1765402450085,('127.0.0.1', 56741),1,458,79
1765402450086,('127.0.0.1', 61438),2,458,79
1765402450138,('127.0.0.1', 56741),1,459,79
1765402450139,('127.0.0.1', 61438),2,459,79
1765402450191,('127.0.0.1', 56741),1,460,79
1765402450192,('127.0.0.1', 61438),2,460,79
1765402450243,('127.0.0.1', 56741),1,461,79
1765402450246,('127.0.0.1', 61438),2,461,79
1765402450298,('127.0.0.1', 56741),1,462,79
1765402450299,('127.0.0.1', 61438),2,462,79
1765402450350,('127.0.0.1', 56741),1,463,79
1765402450352,('127.0.0.1', 61438),2,463,79
1765402450404,('127.0.0.1', 56741),1,464,79
1765402450405,('127.0.0.1', 61438),2,464,79
1765402450458,('127.0.0.1', 56741),1,465,79
1765402450459,('127.0.0.1', 61438),2,465,79
1765402450511,('127.0.0.1', 56741),1,466,79
1765402450511,('127.0.0.1', 61438),2,466,79
1765402450564,('127.0.0.1', 56741),1,467,79
1765402450566,('127.0.0.1', 61438),2,467,79
1765402450617,('127.0.0.1', 56741),1,468,79
1765402450619,('127.0.0.1', 61438),2,468,79
1765402450670,('127.0.0.1', 56741),1,469,79
1765402450671,('127.0.0.1', 61438),2,469,79
1765402450723,('127.0.0.1', 56741),1,470,79
1765402450724,('127.0.0.1', 61438),2,470,79
1765402450776,('127.0.0.1', 56741),1,471,79
1765402450776,('127.0.0.1', 61438),2,471,79
1765402450828,('127.0.0.1', 56741),1,472,79
1765402450829,('127.0.0.1', 61438),2,472,79
1765402450881,('127.0.0.1', 56741),1,473,79
1765402450881,('127.0.0.1', 61438),2,473,79
1765402450934,('127.0.0.1', 56741),1,474,79
1765402450935,('127.0.0.1', 61438),2,474,79
1765402450987,('127.0.0.1', 56741),1,475,79
1765402450988,('127.0.0.1', 61438),2,475,79
1765402451041,('127.0.0.1', 56741),1,476,79
1765402451042,('127.0.0.1', 61438),2,476,79
1765402451095,('127.0.0.1', 56741),1,477,79
1765402451096,('127.0.0.1', 61438),2,477,79
1765402451149,('127.0.0.1', 56741),1,478,79
1765402451150,('127.0.0.1', 61438),2,478,79
1765402451201,('127.0.0.1', 56741),1,479,79
1765402451202,('127.0.0.1', 61438),2,479,79
1765402451253,('127.0.0.1', 56741),1,480,79
1765402451254,('127.0.0.1', 61438),2,480,79
1765402451305,('127.0.0.1', 56741),1,481,79
1765402451306,('127.0.0.1', 61438),2,481,79
1765402451357,('127.0.0.1', 56741),1,482,79
1765402451358,('127.0.0.1', 61438),2,482,79
1765402451411,('127.0.0.1', 56741),1,483,79
1765402451411,('127.0.0.1', 61438),2,483,79
1765402451463,('127.0.0.1', 56741),1,484,79
1765402451464,('127.0.0.1', 61438),2,484,79
1765402451516,('127.0.0.1', 56741),1,485,79
1765402451517,('127.0.0.1', 61438),2,485,79
1765402451569,('127.0.0.1', 56741),1,486,79
1765402451570,('127.0.0.1', 61438),2,486,79
1765402451622,('127.0.0.1', 56741),1,487,79
1765402451623,('127.0.0.1', 61438),2,487,79
1765402451676,('127.0.0.1', 56741),1,488,79
1765402451677,('127.0.0.1', 61438),2,488,79
1765402451729,('127.0.0.1', 56741),1,489,79
1765402451730,('127.0.0.1', 61438),2,489,79
1765402451783,('127.0.0.1', 56741),1,490,79
1765402451784,('127.0.0.1', 61438),2,490,79
1765402451834,('127.0.0.1', 56741),1,491,79
1765402451835,('127.0.0.1', 61438),2,491,79
1765402451886,('127.0.0.1', 56741),1,492,79
1765402451888,('127.0.0.1', 61438),2,492,79
1765402451939,('127.0.0.1', 56741),1,493,79
1765402451941,('127.0.0.1', 61438),2,493,79
1765402451993,('127.0.0.1', 56741),1,494,79
1765402451993,('127.0.0.1', 61438),2,494,79
1765402452045,('127.0.0.1', 56741),1,495,79
1765402452046,('127.0.0.1', 61438),2,495,79
1765402452098,('127.0.0.1', 56741),1,496,79
1765402452099,('127.0.0.1', 61438),2,496,79
1765402452150,('127.0.0.1', 56741),1,497,79
1765402452151,('127.0.0.1', 61438),2,497,79
1765402452203,('127.0.0.1', 56741),1,498,79
1765402452203,('127.0.0.1', 61438),2,498,79
1765402452255,('127.0.0.1', 56741),1,499,79
1765402452256,('127.0.0.1', 61438),2,499,79
1765402452307,('127.0.0.1', 56741),1,500,79
1765402452308,('127.0.0.1', 61438),2,500,79
1765402452360,('127.0.0.1', 56741),1,501,79
1765402452362,('127.0.0.1', 61438),2,501,79
1765402452413,('127.0.0.1', 56741),1,502,79
1765402452413,('127.0.0.1', 61438),2,502,79
1765402452465,('127.0.0.1', 56741),1,503,79
1765402452466,('127.0.0.1', 61438),2,503,79
1765402452517,('127.0.0.1', 56741),1,504,79
1765402452518,('127.0.0.1', 61438),2,504,79
1765402452569,('127.0.0.1', 56741),1,505,79
1765402452570,('127.0.0.1', 61438),2,505,79
1765402452623,('127.0.0.1', 56741),1,506,79
1765402452623,('127.0.0.1', 61438),2,506,79
1765402452675,('127.0.0.1', 56741),1,507,79
1765402452676,('127.0.0.1', 61438),2,507,79
1765402452729,('127.0.0.1', 56741),1,508,79
1765402452729,('127.0.0.1', 61438),2,508,79
1765402452781,('127.0.0.1', 56741),1,509,79
1765402452782,('127.0.0.1', 61438),2,509,79
1765402452833,('127.0.0.1', 56741),1,510,79
1765402452834,('127.0.0.1', 61438),2,510,79
1765402452886,('127.0.0.1', 56741),1,511,79
1765402452887,('127.0.0.1', 61438),2,511,79
1765402452938,('127.0.0.1', 56741),1,512,79
1765402452940,('127.0.0.1', 61438),2,512,79
1765402452991,('127.0.0.1', 56741),1,513,79
1765402452992,('127.0.0.1', 61438),2,513,79
1765402453043,('127.0.0.1', 56741),1,514,79
1765402453046,('127.0.0.1', 61438),2,514,79
1765402453098,('127.0.0.1', 56741),1,515,79
1765402453099,('127.0.0.1', 61438),2,515,79
1765402453151,('127.0.0.1', 56741),1,516,79
1765402453151,('127.0.0.1', 61438),2,516,79
1765402453203,('127.0.0.1', 56741),1,517,79
1765402453204,('127.0.0.1', 61438),2,517,79
1765402453255,('127.0.0.1', 56741),1,518,79
1765402453257,('127.0.0.1', 61438),2,518,79
1765402453309,('127.0.0.1', 56741),1,519,79
1765402453310,('127.0.0.1', 61438),2,519,79
1765402453361,('127.0.0.1', 56741),1,520,79
1765402453363,('127.0.0.1', 61438),2,520,79
1765402453414,('127.0.0.1', 56741),1,521,79
1765402453415,('127.0.0.1', 61438),2,521,79
1765402453467,('127.0.0.1', 56741),1,522,79
1765402453468,('127.0.0.1', 61438),2,522,79
1765402453520,('127.0.0.1', 56741),1,523,79
1765402453521,('127.0.0.1', 61438),2,523,79
1765402453572,('127.0.0.1', 56741),1,524,79
1765402453573,('127.0.0.1', 61438),2,524,79
1765402453625,('127.0.0.1', 56741),1,525,79
1765402453626,('127.0.0.1', 61438),2,525,79
1765402453677,('127.0.0.1', 56741),1,526,79
1765402453678,('127.0.0.1', 61438),2,526,79
1765402453730,('127.0.0.1', 56741),1,527,79
1765402453731,('127.0.0.1', 61438),2,527,79
1765402453784,('127.0.0.1', 56741),1,528,79
1765402453785,('127.0.0.1', 61438),2,528,79
1765402453837,('127.0.0.1', 56741),1,529,79
1765402453838,('127.0.0.1', 61438),2,529,79
1765402453889,('127.0.0.1', 56741),1,530,79
1765402453891,('127.0.0.1', 61438),2,530,79
1765402453942,('127.0.0.1', 56741),1,531,79
1765402453944,('127.0.0.1', 61438),2,531,79
1765402453996,('127.0.0.1', 56741),1,532,79
1765402453997,('127.0.0.1', 61438),2,532,79
1765402454048,('127.0.0.1', 56741),1,533,79
1765402454049,('127.0.0.1', 61438),2,533,79
1765402454101,('127.0.0.1', 56741),1,534,79
1765402454102,('127.0.0.1', 61438),2,534,79
1765402454153,('127.0.0.1', 56741),1,535,79
1765402454154,('127.0.0.1', 61438),2,535,79
1765402454205,('127.0.0.1', 56741),1,536,79
1765402454206,('127.0.0.1', 61438),2,536,79
1765402454258,('127.0.0.1', 56741),1,537,79
1765402454259,('127.0.0.1', 61438),2,537,79
1765402454309,('127.0.0.1', 56741),1,538,79
1765402454310,('127.0.0.1', 61438),2,538,79
1765402454363,('127.0.0.1', 56741),1,539,79
1765402454364,('127.0.0.1', 61438),2,539,79
1765402454415,('127.0.0.1', 56741),1,540,79
1765402454416,('127.0.0.1', 61438),2,540,79
1765402454468,('127.0.0.1', 56741),1,541,79
1765402454468,('127.0.0.1', 61438),2,541,79
1765402454520,('127.0.0.1', 56741),1,542,79
1765402454521,('127.0.0.1', 61438),2,542,79
1765402454572,('127.0.0.1', 56741),1,543,79
1765402454573,('127.0.0.1', 61438),2,543,79
1765402454625,('127.0.0.1', 56741),1,544,79
1765402454627,('127.0.0.1', 61438),2,544,79
1765402454680,('127.0.0.1', 56741),1,545,79
1765402454681,('127.0.0.1', 61438),2,545,79
1765402454733,('127.0.0.1', 56741),1,546,79
1765402454734,('127.0.0.1', 61438),2,546,79
1765402454785,('127.0.0.1', 56741),1,547,79
1765402454786,('127.0.0.1', 61438),2,547,79
1765402454837,('127.0.0.1', 56741),1,548,79
1765402454838,('127.0.0.1', 61438),2,548,79
1765402454890,('127.0.0.1', 56741),1,549,79
1765402454891,('127.0.0.1', 61438),2,549,79
1765402454942,('127.0.0.1', 56741),1,550,79
1765402454943,('127.0.0.1', 61438),2,550,79
1765402454995,('127.0.0.1', 56741),1,551,79
1765402454995,('127.0.0.1', 61438),2,551,79
1765402455047,('127.0.0.1', 56741),1,552,79
1765402455048,('127.0.0.1', 61438),2,552,79
1765402455100,('127.0.0.1', 56741),1,553,79
1765402455101,('127.0.0.1', 61438),2,553,79
1765402455152,('127.0.0.1', 56741),1,554,79
1765402455154,('127.0.0.1', 61438),2,554,79
1765402455204,('127.0.0.1', 56741),1,555,79
1765402455205,('127.0.0.1', 61438),2,555,79
1765402455257,('127.0.0.1', 56741),1,556,79
1765402455258,('127.0.0.1', 61438),2,556,79
1765402455309,('127.0.0.1', 56741),1,557,79
1765402455310,('127.0.0.1', 61438),2,557,79
1765402455360,('127.0.0.1', 56741),1,558,79
1765402455362,('127.0.0.1', 61438),2,558,79
1765402455414,('127.0.0.1', 56741),1,559,79
1765402455415,('127.0.0.1', 61438),2,559,79
1765402455466,('127.0.0.1', 56741),1,560,79
1765402455467,('127.0.0.1', 61438),2,560,79
1765402455518,('127.0.0.1', 56741),1,561,79
1765402455519,('127.0.0.1', 61438),2,561,79
1765402455571,('127.0.0.1', 56741),1,562,79
1765402455571,('127.0.0.1', 61438),2,562,79
1765402455623,('127.0.0.1', 56741),1,563,79
1765402455624,('127.0.0.1', 61438),2,563,79
1765402455677,('127.0.0.1', 56741),1,564,79
1765402455679,('127.0.0.1', 61438),2,564,79
1765402455729,('127.0.0.1', 56741),1,565,79
1765402455731,('127.0.0.1', 61438),2,565,79
1765402455783,('127.0.0.1', 56741),1,566,79
1765402455784,('127.0.0.1', 61438),2,566,79
1765402455836,('127.0.0.1', 56741),1,567,79
1765402455837,('127.0.0.1', 61438),2,567,79
1765402455888,('127.0.0.1', 56741),1,568,79
1765402455889,('127.0.0.1', 61438),2,568,79
1765402455942,('127.0.0.1', 56741),1,569,79
1765402455942,('127.0.0.1', 61438),2,569,79
1765402455993,('127.0.0.1', 56741),1,570,79
1765402455994,('127.0.0.1', 61438),2,570,79
1765402456046,('127.0.0.1', 56741),1,571,79
1765402456047,('127.0.0.1', 61438),2,571,79
1765402456098,('127.0.0.1', 56741),1,572,79
1765402456099,('127.0.0.1', 61438),2,572,79
1765402456152,('127.0.0.1', 56741),1,573,79
1765402456153,('127.0.0.1', 61438),2,573,79
1765402456204,('127.0.0.1', 56741),1,574,79
1765402456206,('127.0.0.1', 61438),2,574,79
1765402456258,('127.0.0.1', 56741),1,575,79
1765402456259,('127.0.0.1', 61438),2,575,79
1765402456311,('127.0.0.1', 56741),1,576,79
1765402456312,('127.0.0.1', 61438),2,576,79
1765402456364,('127.0.0.1', 56741),1,577,79
1765402456365,('127.0.0.1', 61438),2,577,79
1765402456417,('127.0.0.1', 56741),1,578,79
1765402456419,('127.0.0.1', 61438),2,578,79
1765402456471,('127.0.0.1', 56741),1,579,79
1765402456472,('127.0.0.1', 61438),2,579,79
1765402456525,('127.0.0.1', 56741),1,580,79
1765402456526,('127.0.0.1', 61438),2,580,79
1765402456578,('127.0.0.1', 56741),1,581,79
1765402456579,('127.0.0.1', 61438),2,581,79
1765402456632,('127.0.0.1', 56741),1,582,79
1765402456633,('127.0.0.1', 61438),2,582,79
1765402456687,('127.0.0.1', 56741),1,583,79
1765402456688,('127.0.0.1', 61438),2,583,79
1765402456739,('127.0.0.1', 56741),1,584,79
1765402456742,('127.0.0.1', 61438),2,584,79
1765402456793,('127.0.0.1', 56741),1,585,79
1765402456795,('127.0.0.1', 61438),2,585,79
1765402456847,('127.0.0.1', 56741),1,586,79
1765402456848,('127.0.0.1', 61438),2,586,79
1765402456901,('127.0.0.1', 56741),1,587,79
1765402456902,('127.0.0.1', 61438),2,587,79
1765402456954,('127.0.0.1', 56741),1,588,79
1765402456955,('127.0.0.1', 61438),2,588,79
1765402457006,('127.0.0.1', 56741),1,589,79
1765402457007,('127.0.0.1', 61438),2,589,79
1765402457060,('127.0.0.1', 56741),1,590,79
1765402457062,('127.0.0.1', 61438),2,590,79
1765402457113,('127.0.0.1', 56741),1,591,79
1765402457116,('127.0.0.1', 61438),2,591,79
1765402457167,('127.0.0.1', 56741),1,592,79
1765402457168,('127.0.0.1', 61438),2,592,79
1765402457221,('127.0.0.1', 56741),1,593,79
1765402457222,('127.0.0.1', 61438),2,593,79
1765402457274,('127.0.0.1', 56741),1,594,79
1765402457275,('127.0.0.1', 61438),2,594,79
1765402457328,('127.0.0.1', 56741),1,595,79
1765402457330,('127.0.0.1', 61438),2,595,79
1765402457385,('127.0.0.1', 56741),1,596,79
1765402457386,('127.0.0.1', 61438),2,596,79
1765402457439,('127.0.0.1', 56741),1,597,79
1765402457441,('127.0.0.1', 61438),2,597,79
1765402457492,('127.0.0.1', 56741),1,598,79
1765402457494,('127.0.0.1', 61438),2,598,79
1765402457547,('127.0.0.1', 56741),1,599,79
1765402457548,('127.0.0.1', 61438),2,599,79
1765402457600,('127.0.0.1', 56741),1,600,79
1765402457603,('127.0.0.1', 61438),2,600,79
1765402457655,('127.0.0.1', 56741),1,601,79
1765402457656,('127.0.0.1', 61438),2,601,79
1765402457709,('127.0.0.1', 56741),1,602,79
1765402457711,('127.0.0.1', 61438),2,602,79
1765402457763,('127.0.0.1', 56741),1,603,79
1765402457765,('127.0.0.1', 61438),2,603,79
1765402457817,('127.0.0.1', 56741),1,604,79
1765402457818,('127.0.0.1', 61438),2,604,79
1765402457870,('127.0.0.1', 56741),1,605,79
1765402457871,('127.0.0.1', 61438),2,605,79
1765402457923,('127.0.0.1', 56741),1,606,79
1765402457925,('127.0.0.1', 61438),2,606,79
1765402457977,('127.0.0.1', 56741),1,607,79
1765402457978,('127.0.0.1', 61438),2,607,79
1765402458030,('127.0.0.1', 56741),1,608,79
1765402458030,('127.0.0.1', 61438),2,608,79
1765402458082,('127.0.0.1', 56741),1,609,79
1765402458082,('127.0.0.1', 61438),2,609,79
1765402458134,('127.0.0.1', 56741),1,610,79
1765402458135,('127.0.0.1', 61438),2,610,79
1765402458187,('127.0.0.1', 56741),1,611,79
1765402458189,('127.0.0.1', 61438),2,611,79
1765402458240,('127.0.0.1', 56741),1,612,79
1765402458241,('127.0.0.1', 61438),2,612,79
1765402458292,('127.0.0.1', 56741),1,613,79
1765402458293,('127.0.0.1', 61438),2,613,79
1765402458345,('127.0.0.1', 56741),1,614,79
1765402458346,('127.0.0.1', 61438),2,614,79
1765402458398,('127.0.0.1', 56741),1,615,79
1765402458400,('127.0.0.1', 61438),2,615,79
1765402458451,('127.0.0.1', 56741),1,616,79
1765402458453,('127.0.0.1', 61438),2,616,79
1765402458505,('127.0.0.1', 56741),1,617,79
1765402458507,('127.0.0.1', 61438),2,617,79
1765402458558,('127.0.0.1', 56741),1,618,79
1765402458560,('127.0.0.1', 61438),2,618,79
1765402458613,('127.0.0.1', 56741),1,619,79
1765402458614,('127.0.0.1', 61438),2,619,79
1765402458666,('127.0.0.1', 56741),1,620,79
1765402458667,('127.0.0.1', 61438),2,620,79
1765402458720,('127.0.0.1', 56741),1,621,79
1765402458720,('127.0.0.1', 61438),2,621,79
1765402458772,('127.0.0.1', 56741),1,622,79
1765402458773,('127.0.0.1', 61438),2,622,79
1765402458825,('127.0.0.1', 56741),1,623,79
1765402458825,('127.0.0.1', 61438),2,623,79
1765402458877,('127.0.0.1', 56741),1,624,79
1765402458877,('127.0.0.1', 61438),2,624,79
1765402458931,('127.0.0.1', 56741),1,625,79
1765402458931,('127.0.0.1', 61438),2,625,79
1765402458983,('127.0.0.1', 56741),1,626,79
1765402458984,('127.0.0.1', 61438),2,626,79
1765402459035,('127.0.0.1', 56741),1,627,79
1765402459037,('127.0.0.1', 61438),2,627,79
1765402459088,('127.0.0.1', 56741),1,628,79
1765402459089,('127.0.0.1', 61438),2,628,79
1765402459141,('127.0.0.1', 56741),1,629,79
1765402459142,('127.0.0.1', 61438),2,629,79
1765402459194,('127.0.0.1', 56741),1,630,79
1765402459195,('127.0.0.1', 61438),2,630,79
1765402459248,('127.0.0.1', 56741),1,631,79
1765402459250,('127.0.0.1', 61438),2,631,79
1765402459302,('127.0.0.1', 56741),1,632,79
1765402459303,('127.0.0.1', 61438),2,632,79
1765402459355,('127.0.0.1', 56741),1,633,79
1765402459358,('127.0.0.1', 61438),2,633,79
1765402459411,('127.0.0.1', 56741),1,634,79
1765402459413,('127.0.0.1', 61438),2,634,79
1765402459465,('127.0.0.1', 56741),1,635,79
1765402459467,('127.0.0.1', 61438),2,635,79
1765402459519,('127.0.0.1', 56741),1,636,79
1765402459519,('127.0.0.1', 61438),2,636,79
1765402459572,('127.0.0.1', 56741),1,637,79
1765402459573,('127.0.0.1', 61438),2,637,79
1765402459626,('127.0.0.1', 56741),1,638,79
1765402459627,('127.0.0.1', 61438),2,638,79
1765402459679,('127.0.0.1', 56741),1,639,79
1765402459680,('127.0.0.1', 61438),2,639,79
1765402459734,('127.0.0.1', 56741),1,640,79
1765402459735,('127.0.0.1', 61438),2,640,79
1765402459788,('127.0.0.1', 56741),1,641,79
1765402459789,('127.0.0.1', 61438),2,641,79
1765402459842,('127.0.0.1', 56741),1,642,79
1765402459842,('127.0.0.1', 61438),2,642,79
1765402459895,('127.0.0.1', 56741),1,643,79
1765402459897,('127.0.0.1', 61438),2,643,79
1765402459948,('127.0.0.1', 56741),1,644,79
1765402459949,('127.0.0.1', 61438),2,644,79
1765402460002,('127.0.0.1', 56741),1,645,79
1765402460003,('127.0.0.1', 61438),2,645,79
1765402460054,('127.0.0.1', 56741),1,646,79
1765402460055,('127.0.0.1', 61438),2,646,79
1765402460107,('127.0.0.1', 56741),1,647,79
1765402460109,('127.0.0.1', 61438),2,647,79
1765402460160,('127.0.0.1', 56741),1,648,79
1765402460161,('127.0.0.1', 61438),2,648,79
1765402460214,('127.0.0.1', 56741),1,649,79
1765402460215,('127.0.0.1', 61438),2,649,79
1765402460267,('127.0.0.1', 56741),1,650,79
1765402460268,('127.0.0.1', 61438),2,650,79
1765402460321,('127.0.0.1', 56741),1,651,79
1765402460323,('127.0.0.1', 61438),2,651,79
1765402460375,('127.0.0.1', 56741),1,652,79
1765402460377,('127.0.0.1', 61438),2,652,79
1765402460428,('127.0.0.1', 56741),1,653,79
1765402460431,('127.0.0.1', 61438),2,653,79
1765402460482,('127.0.0.1', 56741),1,654,79
1765402460483,('127.0.0.1', 61438),2,654,79
1765402460535,('127.0.0.1', 56741),1,655,79
1765402460537,('127.0.0.1', 61438),2,655,79
1765402460590,('127.0.0.1', 56741),1,656,79
1765402460591,('127.0.0.1', 61438),2,656,79
1765402460643,('127.0.0.1', 56741),1,657,79
1765402460644,('127.0.0.1', 61438),2,657,79
1765402460697,('127.0.0.1', 56741),1,658,79
1765402460698,('127.0.0.1', 61438),2,658,79
1765402460751,('127.0.0.1', 56741),1,659,79
1765402460752,('127.0.0.1', 61438),2,659,79
1765402460804,('127.0.0.1', 56741),1,660,79
1765402460805,('127.0.0.1', 61438),2,660,79
1765402460857,('127.0.0.1', 56741),1,661,79
1765402460858,('127.0.0.1', 61438),2,661,79
1765402460910,('127.0.0.1', 56741),1,662,79
1765402460914,('127.0.0.1', 61438),2,662,79
1765402460966,('127.0.0.1', 56741),1,663,79
1765402460968,('127.0.0.1', 61438),2,663,79
1765402461021,('127.0.0.1', 56741),1,664,79
1765402461022,('127.0.0.1', 61438),2,664,79
1765402461075,('127.0.0.1', 56741),1,665,79
1765402461076,('127.0.0.1', 61438),2,665,79
1765402461128,('127.0.0.1', 56741),1,666,79
1765402461129,('127.0.0.1', 61438),2,666,79
1765402461181,('127.0.0.1', 56741),1,667,79
1765402461183,('127.0.0.1', 61438),2,667,79
1765402461234,('127.0.0.1', 56741),1,668,79
1765402461235,('127.0.0.1', 61438),2,668,79
1765402461286,('127.0.0.1', 56741),1,669,79
1765402461288,('127.0.0.1', 61438),2,669,79
1765402461339,('127.0.0.1', 56741),1,670,79
1765402461341,('127.0.0.1', 61438),2,670,79
1765402461393,('127.0.0.1', 56741),1,671,79
1765402461394,('127.0.0.1', 61438),2,671,79
1765402461445,('127.0.0.1', 56741),1,672,79
1765402461447,('127.0.0.1', 61438),2,672,79
1765402461499,('127.0.0.1', 56741),1,673,79
1765402461501,('127.0.0.1', 61438),2,673,79
1765402461552,('127.0.0.1', 56741),1,674,79
1765402461553,('127.0.0.1', 61438),2,674,79
1765402461605,('127.0.0.1', 56741),1,675,79
1765402461607,('127.0.0.1', 61438),2,675,79
1765402461659,('127.0.0.1', 56741),1,676,79
1765402461660,('127.0.0.1', 61438),2,676,79
1765402461712,('127.0.0.1', 56741),1,677,79
1765402461713,('127.0.0.1', 61438),2,677,79
1765402461764,('127.0.0.1', 56741),1,678,79
1765402461765,('127.0.0.1', 61438),2,678,79
1765402461817,('127.0.0.1', 56741),1,679,79
1765402461818,('127.0.0.1', 61438),2,679,79
1765402461871,('127.0.0.1', 56741),1,680,79
1765402461872,('127.0.0.1', 61438),2,680,79
1765402461924,('127.0.0.1', 56741),1,681,79
1765402461925,('127.0.0.1', 61438),2,681,79
1765402461976,('127.0.0.1', 56741),1,682,79
1765402461977,('127.0.0.1', 61438),2,682,79
1765402462030,('127.0.0.1', 56741),1,683,79
1765402462031,('127.0.0.1', 61438),2,683,79
1765402462083,('127.0.0.1', 56741),1,684,79
1765402462084,('127.0.0.1', 61438),2,684,79
1765402462136,('127.0.0.1', 56741),1,685,79
1765402462137,('127.0.0.1', 61438),2,685,79
1765402462188,('127.0.0.1', 56741),1,686,79
1765402462189,('127.0.0.1', 61438),2,686,79
1765402462241,('127.0.0.1', 56741),1,687,79
1765402462243,('127.0.0.1', 61438),2,687,79
1765402462296,('127.0.0.1', 56741),1,688,79
1765402462297,('127.0.0.1', 61438),2,688,79
1765402462350,('127.0.0.1', 56741),1,689,79
1765402462351,('127.0.0.1', 61438),2,689,79
1765402462402,('127.0.0.1', 56741),1,690,79
1765402462403,('127.0.0.1', 61438),2,690,79
1765402462457,('127.0.0.1', 56741),1,691,79
1765402462458,('127.0.0.1', 61438),2,691,79
1765402462510,('127.0.0.1', 56741),1,692,79
1765402462511,('127.0.0.1', 61438),2,692,79
1765402462563,('127.0.0.1', 56741),1,693,79
1765402462563,('127.0.0.1', 61438),2,693,79
1765402462615,('127.0.0.1', 56741),1,694,79
1765402462617,('127.0.0.1', 61438),2,694,79
1765402462670,('127.0.0.1', 56741),1,695,79
1765402462671,('127.0.0.1', 61438),2,695,79
1765402462722,('127.0.0.1', 56741),1,696,79
1765402462723,('127.0.0.1', 61438),2,696,79
1765402462776,('127.0.0.1', 56741),1,697,79
1765402462777,('127.0.0.1', 61438),2,697,79
1765402462829,('127.0.0.1', 56741),1,698,79
1765402462830,('127.0.0.1', 61438),2,698,79
1765402462881,('127.0.0.1', 56741),1,699,79
1765402462882,('127.0.0.1', 61438),2,699,79
1765402462934,('127.0.0.1', 56741),1,700,79
1765402462935,('127.0.0.1', 61438),2,700,79
1765402462986,('127.0.0.1', 56741),1,701,79
1765402462988,('127.0.0.1', 61438),2,701,79
1765402463041,('127.0.0.1', 56741),1,702,79
1765402463043,('127.0.0.1', 61438),2,702,79
1765402463095,('127.0.0.1', 56741),1,703,79
1765402463096,('127.0.0.1', 61438),2,703,79
1765402463147,('127.0.0.1', 56741),1,704,79
1765402463148,('127.0.0.1', 61438),2,704,79
1765402463199,('127.0.0.1', 56741),1,705,79
1765402463202,('127.0.0.1', 61438),2,705,79
1765402463253,('127.0.0.1', 56741),1,706,79
1765402463256,('127.0.0.1', 61438),2,706,79
1765402463307,('127.0.0.1', 56741),1,707,79
1765402463308,('127.0.0.1', 61438),2,707,79
1765402463361,('127.0.0.1', 56741),1,708,79
1765402463362,('127.0.0.1', 61438),2,708,79
1765402463418,('127.0.0.1', 56741),1,709,79
1765402463419,('127.0.0.1', 61438),2,709,79
1765402463471,('127.0.0.1', 56741),1,710,79
1765402463473,('127.0.0.1', 61438),2,710,79
1765402463525,('127.0.0.1', 56741),1,711,79
1765402463526,('127.0.0.1', 61438),2,711,79
1765402463580,('127.0.0.1', 56741),1,712,79
1765402463581,('127.0.0.1', 61438),2,712,79
1765402463633,('127.0.0.1', 56741),1,713,79
1765402463635,('127.0.0.1', 61438),2,713,79
1765402463686,('127.0.0.1', 56741),1,714,79
1765402463687,('127.0.0.1', 61438),2,714,79
1765402463740,('127.0.0.1', 56741),1,715,79
1765402463741,('127.0.0.1', 61438),2,715,79
1765402463793,('127.0.0.1', 56741),1,716,79
1765402463794,('127.0.0.1', 61438),2,716,79
1765402463847,('127.0.0.1', 56741),1,717,79
1765402463848,('127.0.0.1', 61438),2,717,79
1765402463900,('127.0.0.1', 56741),1,718,79
1765402463901,('127.0.0.1', 61438),2,718,79
1765402463953,('127.0.0.1', 56741),1,719,79
1765402463954,('127.0.0.1', 61438),2,719,79
1765402464008,('127.0.0.1', 56741),1,720,79
1765402464009,('127.0.0.1', 61438),2,720,79
1765402464061,('127.0.0.1', 56741),1,721,79
1765402464062,('127.0.0.1', 61438),2,721,79
1765402464114,('127.0.0.1', 56741),1,722,79
1765402464115,('127.0.0.1', 61438),2,722,79
1765402464167,('127.0.0.1', 56741),1,723,79
1765402464169,('127.0.0.1', 61438),2,723,79
1765402464221,('127.0.0.1', 56741),1,724,79
1765402464222,('127.0.0.1', 61438),2,724,79
1765402464274,('127.0.0.1', 56741),1,725,79
1765402464276,('127.0.0.1', 61438),2,725,79
1765402464328,('127.0.0.1', 56741),1,726,79
1765402464329,('127.0.0.1', 61438),2,726,79
1765402464381,('127.0.0.1', 56741),1,727,79
1765402464383,('127.0.0.1', 61438),2,727,79
1765402464435,('127.0.0.1', 56741),1,728,79
1765402464436,('127.0.0.1', 61438),2,728,79
1765402464488,('127.0.0.1', 56741),1,729,79
1765402464489,('127.0.0.1', 61438),2,729,79
1765402464541,('127.0.0.1', 56741),1,730,79
1765402464542,('127.0.0.1', 61438),2,730,79
1765402464594,('127.0.0.1', 56741),1,731,79
1765402464595,('127.0.0.1', 61438),2,731,79
1765402464646,('127.0.0.1', 56741),1,732,79
1765402464647,('127.0.0.1', 61438),2,732,79
1765402464699,('127.0.0.1', 56741),1,733,79
1765402464699,('127.0.0.1', 61438),2,733,79
1765402464751,('127.0.0.1', 56741),1,734,79
1765402464752,('127.0.0.1', 61438),2,734,79
1765402464804,('127.0.0.1', 56741),1,735,79
1765402464805,('127.0.0.1', 61438),2,735,79
1765402464856,('127.0.0.1', 56741),1,736,79
1765402464858,('127.0.0.1', 61438),2,736,79
1765402464910,('127.0.0.1', 56741),1,737,79
1765402464911,('127.0.0.1', 61438),2,737,79
1765402464963,('127.0.0.1', 56741),1,738,79
1765402464964,('127.0.0.1', 61438),2,738,79
1765402465016,('127.0.0.1', 56741),1,739,79
1765402465016,('127.0.0.1', 61438),2,739,79
1765402465067,('127.0.0.1', 56741),1,740,79
1765402465069,('127.0.0.1', 61438),2,740,79
1765402465121,('127.0.0.1', 56741),1,741,79
1765402465122,('127.0.0.1', 61438),2,741,79
1765402465173,('127.0.0.1', 56741),1,742,79
1765402465173,('127.0.0.1', 61438),2,742,79
1765402465226,('127.0.0.1', 56741),1,743,79
1765402465226,('127.0.0.1', 61438),2,743,79
1765402465277,('127.0.0.1', 56741),1,744,79
1765402465278,('127.0.0.1', 61438),2,744,79
1765402465330,('127.0.0.1', 56741),1,745,79
1765402465331,('127.0.0.1', 61438),2,745,79
1765402465382,('127.0.0.1', 56741),1,746,79
1765402465383,('127.0.0.1', 61438),2,746,79
1765402465434,('127.0.0.1', 56741),1,747,79
1765402465435,('127.0.0.1', 61438),2,747,79
1765402465488,('127.0.0.1', 56741),1,748,79
1765402465489,('127.0.0.1', 61438),2,748,79
1765402465540,('127.0.0.1', 56741),1,749,79
1765402465541,('127.0.0.1', 61438),2,749,79
1765402465592,('127.0.0.1', 56741),1,750,79
1765402465593,('127.0.0.1', 61438),2,750,79
1765402465645,('127.0.0.1', 56741),1,751,79
1765402465646,('127.0.0.1', 61438),2,751,79
1765402465697,('127.0.0.1', 56741),1,752,79
1765402465698,('127.0.0.1', 61438),2,752,79
1765402465750,('127.0.0.1', 56741),1,753,79
1765402465751,('127.0.0.1', 61438),2,753,79
1765402465803,('127.0.0.1', 56741),1,754,79
1765402465804,('127.0.0.1', 61438),2,754,79
1765402465856,('127.0.0.1', 56741),1,755,79
1765402465857,('127.0.0.1', 61438),2,755,79
1765402465907,('127.0.0.1', 56741),1,756,79
1765402465909,('127.0.0.1', 61438),2,756,79
1765402465962,('127.0.0.1', 56741),1,757,79
1765402465963,('127.0.0.1', 61438),2,757,79
1765402466014,('127.0.0.1', 56741),1,758,79
1765402466016,('127.0.0.1', 61438),2,758,79
1765402466067,('127.0.0.1', 56741),1,759,79
1765402466068,('127.0.0.1', 61438),2,759,79
1765402466120,('127.0.0.1', 56741),1,760,79
1765402466122,('127.0.0.1', 61438),2,760,79
1765402466173,('127.0.0.1', 56741),1,761,79
1765402466175,('127.0.0.1', 61438),2,761,79
1765402466226,('127.0.0.1', 56741),1,762,79
1765402466227,('127.0.0.1', 61438),2,762,79
1765402466280,('127.0.0.1', 56741),1,763,79
1765402466282,('127.0.0.1', 61438),2,763,79
1765402466335,('127.0.0.1', 56741),1,764,79
1765402466336,('127.0.0.1', 61438),2,764,79
1765402466389,('127.0.0.1', 56741),1,765,79
1765402466390,('127.0.0.1', 61438),2,765,79
1765402466442,('127.0.0.1', 56741),1,766,79
1765402466443,('127.0.0.1', 61438),2,766,79
1765402466494,('127.0.0.1', 56741),1,767,79
1765402466496,('127.0.0.1', 61438),2,767,79
1765402466547,('127.0.0.1', 56741),1,768,79
1765402466549,('127.0.0.1', 61438),2,768,79
1765402466601,('127.0.0.1', 56741),1,769,79
1765402466602,('127.0.0.1', 61438),2,769,79
1765402466655,('127.0.0.1', 56741),1,770,79
1765402466656,('127.0.0.1', 61438),2,770,79
1765402466708,('127.0.0.1', 56741),1,771,79
1765402466709,('127.0.0.1', 61438),2,771,79
1765402466761,('127.0.0.1', 56741),1,772,79
1765402466762,('127.0.0.1', 61438),2,772,79
1765402466813,('127.0.0.1', 56741),1,773,79
1765402466814,('127.0.0.1', 61438),2,773,79
1765402466866,('127.0.0.1', 56741),1,774,79
1765402466866,('127.0.0.1', 61438),2,774,79
1765402466917,('127.0.0.1', 56741),1,775,79
1765402466918,('127.0.0.1', 61438),2,775,79
1765402466970,('127.0.0.1', 56741),1,776,79
1765402466971,('127.0.0.1', 61438),2,776,79
1765402467024,('127.0.0.1', 56741),1,777,79
1765402467025,('127.0.0.1', 61438),2,777,79
1765402467077,('127.0.0.1', 56741),1,778,79
1765402467078,('127.0.0.1', 61438),2,778,79
1765402467130,('127.0.0.1', 56741),1,779,79
1765402467131,('127.0.0.1', 61438),2,779,79
1765402467183,('127.0.0.1', 56741),1,780,79
1765402467184,('127.0.0.1', 61438),2,780,79
1765402467234,('127.0.0.1', 56741),1,781,79
1765402467236,('127.0.0.1', 61438),2,781,79
1765402467286,('127.0.0.1', 56741),1,782,79
1765402467287,('127.0.0.1', 61438),2,782,79
1765402467340,('127.0.0.1', 56741),1,783,79
1765402467341,('127.0.0.1', 61438),2,783,79
1765402467392,('127.0.0.1', 56741),1,784,79
1765402467393,('127.0.0.1', 61438),2,784,79
1765402467444,('127.0.0.1', 56741),1,785,79
1765402467445,('127.0.0.1', 61438),2,785,79
1765402467497,('127.0.0.1', 56741),1,786,79
1765402467498,('127.0.0.1', 61438),2,786,79
1765402467548,('127.0.0.1', 56741),1,787,79
1765402467550,('127.0.0.1', 61438),2,787,79
1765402467601,('127.0.0.1', 56741),1,788,79
1765402467602,('127.0.0.1', 61438),2,788,79
1765402467655,('127.0.0.1', 56741),1,789,79
1765402467656,('127.0.0.1', 61438),2,789,79
1765402467707,('127.0.0.1', 56741),1,790,79
1765402467709,('127.0.0.1', 61438),2,790,79
1765402467761,('127.0.0.1', 56741),1,791,79
1765402467761,('127.0.0.1', 61438),2,791,79
1765402467812,('127.0.0.1', 56741),1,792,79
1765402467814,('127.0.0.1', 61438),2,792,79
1765402467865,('127.0.0.1', 56741),1,793,79
1765402467866,('127.0.0.1', 61438),2,793,79
1765402467917,('127.0.0.1', 56741),1,794,79
1765402467918,('127.0.0.1', 61438),2,794,79
1765402467970,('127.0.0.1', 56741),1,795,79
1765402467970,('127.0.0.1', 61438),2,795,79
1765402468023,('127.0.0.1', 56741),1,796,79
1765402468023,('127.0.0.1', 61438),2,796,79
1765402468075,('127.0.0.1', 56741),1,797,79
1765402468076,('127.0.0.1', 61438),2,797,79
1765402468130,('127.0.0.1', 56741),1,798,79
1765402468131,('127.0.0.1', 61438),2,798,79
1765402468184,('127.0.0.1', 56741),1,799,79
1765402468184,('127.0.0.1', 61438),2,799,79
1765402468236,('127.0.0.1', 56741),1,800,79
1765402468237,('127.0.0.1', 61438),2,800,79
1765402468288,('127.0.0.1', 56741),1,801,79
1765402468288,('127.0.0.1', 61438),2,801,79
1765402468340,('127.0.0.1', 56741),1,802,79
1765402468341,('127.0.0.1', 61438),2,802,79
1765402468393,('127.0.0.1', 56741),1,803,79
1765402468394,('127.0.0.1', 61438),2,803,79
1765402468446,('127.0.0.1', 56741),1,804,79
1765402468447,('127.0.0.1', 61438),2,804,79
1765402468499,('127.0.0.1', 56741),1,805,79
1765402468500,('127.0.0.1', 61438),2,805,79
1765402468554,('127.0.0.1', 56741),1,806,79
1765402468555,('127.0.0.1', 61438),2,806,79
1765402468606,('127.0.0.1', 56741),1,807,79
1765402468607,('127.0.0.1', 61438),2,807,79
1765402468658,('127.0.0.1', 56741),1,808,79
1765402468660,('127.0.0.1', 61438),2,808,79
1765402468711,('127.0.0.1', 56741),1,809,79
1765402468712,('127.0.0.1', 61438),2,809,79
1765402468763,('127.0.0.1', 56741),1,810,79
1765402468764,('127.0.0.1', 61438),2,810,79
1765402468817,('127.0.0.1', 56741),1,811,79
1765402468818,('127.0.0.1', 61438),2,811,79
1765402468869,('127.0.0.1', 56741),1,812,79
1765402468870,('127.0.0.1', 61438),2,812,79
1765402468923,('127.0.0.1', 56741),1,813,79
1765402468924,('127.0.0.1', 61438),2,813,79
1765402468975,('127.0.0.1', 56741),1,814,79
1765402468976,('127.0.0.1', 61438),2,814,79
1765402469028,('127.0.0.1', 56741),1,815,79
1765402469028,('127.0.0.1', 61438),2,815,79
1765402469079,('127.0.0.1', 56741),1,816,79
1765402469080,('127.0.0.1', 61438),2,816,79
1765402469132,('127.0.0.1', 56741),1,817,79
1765402469133,('127.0.0.1', 61438),2,817,79
1765402469185,('127.0.0.1', 56741),1,818,79
1765402469186,('127.0.0.1', 61438),2,818,79
1765402469238,('127.0.0.1', 56741),1,819,79
1765402469238,('127.0.0.1', 61438),2,819,79
1765402469289,('127.0.0.1', 56741),1,820,79
1765402469291,('127.0.0.1', 61438),2,820,79
1765402469341,('127.0.0.1', 56741),1,821,79
1765402469342,('127.0.0.1', 61438),2,821,79
1765402469393,('127.0.0.1', 56741),1,822,79
1765402469394,('127.0.0.1', 61438),2,822,79
1765402469445,('127.0.0.1', 56741),1,823,79
1765402469447,('127.0.0.1', 61438),2,823,79
1765402469498,('127.0.0.1', 56741),1,824,79
1765402469499,('127.0.0.1', 61438),2,824,79
1765402469550,('127.0.0.1', 56741),1,825,79
1765402469552,('127.0.0.1', 61438),2,825,79
1765402469602,('127.0.0.1', 56741),1,826,79
1765402469603,('127.0.0.1', 61438),2,826,79
1765402469655,('127.0.0.1', 56741),1,827,79
1765402469656,('127.0.0.1', 61438),2,827,79
1765402469707,('127.0.0.1', 56741),1,828,79
1765402469709,('127.0.0.1', 61438),2,828,79
1765402469762,('127.0.0.1', 56741),1,829,79
1765402469763,('127.0.0.1', 61438),2,829,79
1765402469814,('127.0.0.1', 56741),1,830,79
1765402469815,('127.0.0.1', 61438),2,830,79
1765402469866,('127.0.0.1', 56741),1,831,79
1765402469867,('127.0.0.1', 61438),2,831,79
1765402469918,('127.0.0.1', 56741),1,832,79
1765402469918,('127.0.0.1', 61438),2,832,79
1765402469970,('127.0.0.1', 56741),1,833,79
1765402469971,('127.0.0.1', 61438),2,833,79
1765402470022,('127.0.0.1', 56741),1,834,79
1765402470024,('127.0.0.1', 61438),2,834,79
1765402470075,('127.0.0.1', 56741),1,835,79
1765402470078,('127.0.0.1', 61438),2,835,79
1765402470129,('127.0.0.1', 56741),1,836,79
1765402470131,('127.0.0.1', 61438),2,836,79
1765402470183,('127.0.0.1', 56741),1,837,79
1765402470184,('127.0.0.1', 61438),2,837,79
1765402470237,('127.0.0.1', 56741),1,838,79
1765402470238,('127.0.0.1', 61438),2,838,79
1765402470289,('127.0.0.1', 56741),1,839,79
1765402470291,('127.0.0.1', 61438),2,839,79
1765402470343,('127.0.0.1', 56741),1,840,79
1765402470344,('127.0.0.1', 61438),2,840,79
1765402470395,('127.0.0.1', 56741),1,841,79
1765402470397,('127.0.0.1', 61438),2,841,79
1765402470448,('127.0.0.1', 56741),1,842,79
1765402470449,('127.0.0.1', 61438),2,842,79
1765402470502,('127.0.0.1', 56741),1,843,79
1765402470503,('127.0.0.1', 61438),2,843,79
